"","abundance","Frequency","phyla"
"s__Parabacteroides_merdae",0.0140358392302204,0.729020979020979,"Bacteroidetes"
"s__Bacteroides_cellulosilyticus",0.00901060442423726,0.534965034965035,"Bacteroidetes"
"s__Bacteroides_ovatus",0.0198965134296254,0.925699300699301,"Bacteroidetes"
"s__Bacteroides_caccae",0.0137866797484644,0.745629370629371,"Bacteroidetes"
"s__Alistipes_shahii",0.00806465569544065,0.83479020979021,"Bacteroidetes"
"s__Alistipes_putredinis",0.0321951923978739,0.843531468531469,"Bacteroidetes"
"s__Alistipes_finegoldii",0.00330948590747979,0.791083916083916,"Bacteroidetes"
"s__Bacteroides_vulgatus",0.0268086362005798,0.91958041958042,"Bacteroidetes"
"s__Burkholderiales_bacterium_1_1_47",0.000575895834645727,0.453671328671329,"Proteobacteria"
"s__Faecalibacterium_prausnitzii",0.0602102236147215,0.992132867132867,"Firmicutes"
"s__Roseburia_intestinalis",0.0108487922402189,0.76486013986014,"Firmicutes"
"s__Bacteroidales_bacterium_ph8",0.00462312856785112,0.768356643356643,"Bacteroidetes"
"s__Subdoligranulum_unclassified",0.0349965035736682,0.998251748251748,"Firmicutes"
"s__Parasutterella_excrementihominis",0.000448784701846942,0.496503496503497,"Proteobacteria"
"s__Parabacteroides_distasonis",0.00675765491429995,0.733391608391608,"Bacteroidetes"
"s__Alistipes_sp_AP11",0.0015752379104463,0.238636363636364,"Bacteroidetes"
"s__Oscillibacter_unclassified",0.00213210508623152,0.958916083916084,"Firmicutes"
"s__Odoribacter_splanchnicus",0.00611096084953848,0.636363636363636,"Bacteroidetes"
"s__Akkermansia_muciniphila",0.0156867630666634,0.649475524475524,"Verrucomicrobia"
"s__Lachnospiraceae_bacterium_3_1_46FAA",0.0019682556117133,0.818181818181818,"Firmicutes"
"s__Eubacterium_rectale",0.0780015877692559,0.97465034965035,"Firmicutes"
"s__Roseburia_hominis",0.00414047035884167,0.899475524475524,"Firmicutes"
"s__Coprococcus_sp_ART55_1",0.0148514723640782,0.347027972027972,"Firmicutes"
"s__Alistipes_indistinctus",0.00111032370454143,0.583916083916084,"Bacteroidetes"
"s__Subdoligranulum_sp_4_3_54A2FAA",0.00111973143785399,0.167832167832168,"Firmicutes"
"s__Eubacterium_ventriosum",0.00330448513799821,0.77972027972028,"Firmicutes"
"s__Bacteroides_fragilis",0.00492289512127015,0.486013986013986,"Bacteroidetes"
"s__Dialister_invisus",0.0205677698620176,0.467657342657343,"Firmicutes"
"s__Eubacterium_ramulus",0.00242734714489884,0.821678321678322,"Firmicutes"
"s__Slackia_piriformis",0.000123133001589641,0.0585664335664336,"Actinobacteria"
"s__Ruminococcus_flavefaciens",1.94055965080894e-05,0.267482517482518,"Firmicutes"
"s__Streptococcus_parasanguinis",0.00091605004630425,0.763986013986014,"Firmicutes"
"s__Haemophilus_parainfluenzae",0.000975307041716678,0.512237762237762,"Proteobacteria"
"s__Veillonella_unclassified",0.000284753934973878,0.723776223776224,"Firmicutes"
"s__Dorea_formicigenerans",0.00615803213236416,0.928321678321678,"Firmicutes"
"s__Eubacterium_eligens",0.0109082538834236,0.828671328671329,"Firmicutes"
"s__Anaerotruncus_unclassified",0.000187695656264025,0.625874125874126,"Firmicutes"
"s__Ruminococcus_obeum",0.00935046872172084,0.983391608391608,"Firmicutes"
"s__Veillonella_parvula",0.000321776987144109,0.531468531468531,"Firmicutes"
"s__Veillonella_atypica",0.000100403658697168,0.316433566433566,"Firmicutes"
"s__Ruminococcus_torques",0.0174787988283953,0.997377622377622,"Firmicutes"
"s__Dorea_unclassified",8.86508638434549e-05,0.0847902097902098,"Firmicutes"
"s__Ruminococcus_albus",4.23528985499573e-05,0.443181818181818,"Firmicutes"
"s__Eubacterium_biforme",0.00542352410233168,0.333041958041958,"Firmicutes"
"s__Prevotella_disiens",1.459383229119e-05,0.0568181818181818,"Bacteroidetes"
"s__Oxalobacter_formigenes",0.000129207358688017,0.272727272727273,"Proteobacteria"
"s__Lachnospiraceae_bacterium_7_1_58FAA",0.000636662701258636,0.90472027972028,"Firmicutes"
"s__Catenibacterium_mitsuokai",0.00234508462678629,0.118006993006993,"Firmicutes"
"s__Streptococcus_salivarius",0.00337533880503227,0.848776223776224,"Firmicutes"
"s__Desulfovibrio_desulfuricans",0.000160607781240325,0.337412587412587,"Proteobacteria"
"s__Clostridiaceae_bacterium_JC118",6.42505749529799e-05,0.232517482517483,"Firmicutes"
"s__Lachnospiraceae_bacterium_8_1_57FAA",0.00133181595324203,0.366258741258741,"Firmicutes"
"s__Veillonella_dispar",5.00534806398798e-05,0.262237762237762,"Firmicutes"
"s__Pseudoflavonifractor_capillosus",8.84310765604561e-05,0.494755244755245,"Firmicutes"
"s__Collinsella_aerofaciens",0.0159898952319782,0.862762237762238,"Actinobacteria"
"s__Alistipes_senegalensis",0.000571333918501234,0.651223776223776,"Bacteroidetes"
"s__Erysipelotrichaceae_bacterium_6_1_45",5.77337858071897e-05,0.432692307692308,"Firmicutes"
"s__Clostridium_leptum",0.00120518457391332,0.848776223776224,"Firmicutes"
"s__Bilophila_unclassified",0.00108269435807623,0.833916083916084,"Proteobacteria"
"s__Ruminococcaceae_bacterium_D16",0.000233661648615915,0.501748251748252,"Firmicutes"
"s__Clostridium_citroniae",6.7525480317524e-05,0.343531468531469,"Firmicutes"
"s__Lachnospiraceae_bacterium_5_1_63FAA",0.00174489842278198,0.894230769230769,"Firmicutes"
"s__Bacteroides_stercoris",0.0157716221692304,0.54458041958042,"Bacteroidetes"
"s__Bacteroides_sp_4_3_47FAA",0.000783338748096966,0.0131118881118881,"Bacteroidetes"
"s__Bacteroides_uniformis",0.0397741312028792,0.944055944055944,"Bacteroidetes"
"s__Barnesiella_intestinihominis",0.0145369781002252,0.777097902097902,"Bacteroidetes"
"s__Bacteroides_thetaiotaomicron",0.00682338958171039,0.801573426573427,"Bacteroidetes"
"s__Ruminococcus_bromii",0.0446671928781849,0.840034965034965,"Firmicutes"
"s__Parabacteroides_johnsonii",0.00121146748493184,0.242132867132867,"Bacteroidetes"
"s__Bacteroides_dorei",0.0165933839981029,0.81993006993007,"Bacteroidetes"
"s__Roseburia_inulinivorans",0.00800808768320309,0.898601398601399,"Firmicutes"
"s__Bacteroides_clarus",0.000978231355021082,0.284090909090909,"Bacteroidetes"
"s__Ruminococcus_sp_5_1_39BFAA",0.0263097554894437,0.771853146853147,"Firmicutes"
"s__Bacteroides_xylanisolvens",0.00289262212246097,0.76486013986014,"Bacteroidetes"
"s__Eubacterium_hallii",0.0142710978555537,0.923076923076923,"Firmicutes"
"s__Holdemania_filiformis",0.000226507612132114,0.597027972027972,"Firmicutes"
"s__Gordonibacter_pamelaeae",0.000347923625710338,0.492132867132867,"Actinobacteria"
"s__Coprococcus_comes",0.0101370189479086,0.902972027972028,"Firmicutes"
"s__Adlercreutzia_equolifaciens",0.00079846157764175,0.737762237762238,"Actinobacteria"
"s__Eggerthella_unclassified",0.000339914202528384,0.583041958041958,"Actinobacteria"
"s__Dorea_longicatena",0.0137061982753611,0.91958041958042,"Firmicutes"
"s__Streptococcus_infantis",2.45766969160331e-05,0.228146853146853,"Firmicutes"
"s__Alistipes_onderdonkii",0.00903438211489261,0.833041958041958,"Bacteroidetes"
"s__Streptococcus_australis",0.000107471760355228,0.369755244755245,"Firmicutes"
"s__Escherichia_unclassified",0.00017225512251404,0.435314685314685,"Proteobacteria"
"s__Streptococcus_mitis_oralis_pneumoniae",2.49879435593313e-05,0.253496503496503,"Firmicutes"
"s__Turicibacter_unclassified",4.12485871227511e-05,0.207167832167832,"Firmicutes"
"s__Pedobacter_unclassified",1.38214266378719e-05,0.090034965034965,"Bacteroidetes"
"s__Eggerthella_lenta",0.000132055858409109,0.368881118881119,"Actinobacteria"
"s__Granulicatella_unclassified",8.48252851527955e-06,0.284965034965035,"Firmicutes"
"s__Eubacterium_sp_3_1_31",0.00017406300718443,0.130244755244755,"Firmicutes"
"s__Anaerostipes_hadrus",0.00131621191839737,0.852272727272727,"Firmicutes"
"s__Bacteroides_faecis",0.00268508638435718,0.38986013986014,"Bacteroidetes"
"s__Bacteroides_gallinarum",3.4936768810582e-05,0.0122377622377622,"Bacteroidetes"
"s__Ruminococcus_gnavus",0.00338678319958665,0.54020979020979,"Firmicutes"
"s__Coprococcus_catus",0.00279433331546004,0.835664335664336,"Firmicutes"
"s__Anaerotruncus_colihominis",0.000116746133863921,0.347902097902098,"Firmicutes"
"s__Turicibacter_sanguinis",6.81591793166982e-05,0.149475524475524,"Firmicutes"
"s__Coprococcus_eutactus",0.00174458244767377,0.168706293706294,"Firmicutes"
"s__Rothia_mucilaginosa",3.70621802822582e-05,0.227272727272727,"Actinobacteria"
"s__Actinomyces_graevenitzii",9.61734040143138e-06,0.11451048951049,"Actinobacteria"
"s__Prevotella_melaninogenica",9.73887650481102e-08,0.0034965034965035,"Bacteroidetes"
"s__Gemella_sanguinis",9.13868429636609e-06,0.0821678321678322,"Firmicutes"
"s__Oribacterium_sinus",4.12916530564468e-07,0.0131118881118881,"Firmicutes"
"s__Granulicatella_adiacens",3.53533840525554e-06,0.069055944055944,"Firmicutes"
"s__Megasphaera_micronuciformis",8.53342500654999e-06,0.0244755244755245,"Firmicutes"
"s__Campylobacter_concisus",4.04794600133327e-07,0.0122377622377622,"Proteobacteria"
"s__Atopobium_parvulum",2.60432350290776e-06,0.0716783216783217,"Actinobacteria"
"s__Fusobacterium_periodonticum",6.35032618249122e-07,0.0148601398601399,"Other"
"s__Actinomyces_odontolyticus",2.62940810813993e-05,0.219405594405594,"Actinobacteria"
"s__Solobacterium_moorei",7.77505322972251e-06,0.0987762237762238,"Firmicutes"
"s__Streptococcus_sanguinis",4.51708609490487e-05,0.256118881118881,"Firmicutes"
"s__Streptococcus_vestibularis",0.000262851751625451,0.204545454545455,"Firmicutes"
"s__Streptococcus_thermophilus",0.00391786721708759,0.582167832167832,"Firmicutes"
"s__Neisseria_unclassified",3.04870938859773e-07,0.0174825174825175,"Proteobacteria"
"s__Capnocytophaga_unclassified",1.26227971472296e-07,0.00437062937062937,"Bacteroidetes"
"s__Leptotrichia_wadei",6.04159247938756e-08,0.00174825174825175,"Other"
"s__Rothia_dentocariosa",2.22013689494492e-06,0.0340909090909091,"Actinobacteria"
"s__Haemophilus_sputorum",6.21829701002918e-06,0.0410839160839161,"Proteobacteria"
"s__Actinobacillus_unclassified",4.68746954353761e-06,0.0944055944055944,"Proteobacteria"
"s__Fusobacterium_nucleatum",8.15081913493342e-07,0.020979020979021,"Other"
"s__Gemella_haemolysans",1.26087062698349e-06,0.0236013986013986,"Firmicutes"
"s__Haemophilus_haemolyticus",4.02289911009864e-07,0.027972027972028,"Proteobacteria"
"s__Leptotrichia_unclassified",2.97136756501579e-08,0.0034965034965035,"Other"
"s__Neisseria_subflava",9.66503518913659e-09,0.00174825174825175,"Proteobacteria"
"s__Streptococcus_mutans",4.67599503888871e-05,0.0865384615384615,"Firmicutes"
"s__Streptococcus_intermedius",7.58070434998143e-07,0.0244755244755245,"Firmicutes"
"s__Streptococcus_gordonii",1.5092299430596e-05,0.0979020979020979,"Firmicutes"
"s__Streptococcus_cristatus",8.68757715623466e-07,0.0236013986013986,"Firmicutes"
"s__Lautropia_mirabilis",1.31211870343479e-07,0.0034965034965035,"Proteobacteria"
"s__Streptococcus_constellatus",2.44015390371163e-06,0.0236013986013986,"Firmicutes"
"s__Bifidobacterium_longum",0.0248813845649295,0.868881118881119,"Actinobacteria"
"s__Alloprevotella_unclassified",2.25070669480835e-06,0.0533216783216783,"Bacteroidetes"
"s__Granulicatella_elegans",3.72689420588359e-07,0.0104895104895105,"Firmicutes"
"s__Gemella_morbillorum",2.00335497824219e-06,0.0157342657342657,"Firmicutes"
"s__Peptostreptococcus_unclassified",1.33364338504944e-06,0.0856643356643357,"Firmicutes"
"s__Peptostreptococcus_stomatis",5.04162131806503e-06,0.0297202797202797,"Firmicutes"
"s__Aggregatibacter_segnis",7.88523877207723e-07,0.00874125874125874,"Proteobacteria"
"s__Gemella_unclassified",4.70456671359539e-07,0.041958041958042,"Firmicutes"
"s__Haemophilus_paraphrohaemolyticus",2.0635090683104e-06,0.0131118881118881,"Proteobacteria"
"s__Propionibacterium_acnes",2.344921998415e-06,0.0305944055944056,"Actinobacteria"
"s__Streptococcus_tigurinus",1.60946562561952e-06,0.0244755244755245,"Firmicutes"
"s__Actinomyces_massiliensis",1.4601441985786e-06,0.0262237762237762,"Actinobacteria"
"s__Eubacterium_brachy",2.14374725655323e-06,0.0402097902097902,"Firmicutes"
"s__Parvimonas_unclassified",5.51017856725248e-06,0.0629370629370629,"Firmicutes"
"s__candidate_division_TM7_single_cell_isolate_TM7c",1.11842599517784e-06,0.0270979020979021,"Other"
"s__Parvimonas_micra",2.6302583532098e-06,0.0270979020979021,"Firmicutes"
"s__candidate_division_TM7_single_cell_isolate_TM7b",5.94618527745054e-08,0.0034965034965035,"Other"
"s__Roseburia_unclassified",0.000736931106939529,0.271853146853147,"Firmicutes"
"s__Lachnospiraceae_bacterium_1_1_57FAA",0.00245834812425261,0.468531468531469,"Firmicutes"
"s__Escherichia_coli",0.00516706770371809,0.632867132867133,"Proteobacteria"
"s__Gardnerella_vaginalis",2.39497752529119e-06,0.0236013986013986,"Actinobacteria"
"s__Klebsiella_unclassified",3.8034720065618e-06,0.034965034965035,"Proteobacteria"
"s__Lactobacillus_iners",7.68416455979902e-07,0.00611888111888112,"Firmicutes"
"s__Atopobium_vaginae",6.36117953872956e-07,0.00874125874125874,"Actinobacteria"
"s__Prevotella_timonensis",1.08905106338468e-05,0.0323426573426573,"Bacteroidetes"
"s__Dialister_micraerophilus",7.54093127842822e-08,0.00174825174825175,"Firmicutes"
"s__Peptoniphilus_lacrimalis",7.38343083475175e-07,0.0122377622377622,"Firmicutes"
"s__Mobiluncus_curtisii",1.39633118802528e-07,0.0034965034965035,"Actinobacteria"
"s__Lactobacillus_jensenii",9.66875864191519e-08,0.00262237762237762,"Firmicutes"
"s__Prevotella_bivia",9.66658836044777e-06,0.0681818181818182,"Bacteroidetes"
"s__Prevotella_buccalis",2.93010132214836e-06,0.0297202797202797,"Bacteroidetes"
"s__Mycoplasma_hominis",4.39661510130219e-07,0.00174825174825175,"Other"
"s__Porphyromonas_uenonis",1.31881219815531e-06,0.0192307692307692,"Bacteroidetes"
"s__Porphyromonas_asaccharolytica",1.71160459668903e-05,0.0795454545454545,"Bacteroidetes"
"s__Peptoniphilus_harei",2.76149391498737e-06,0.00786713286713287,"Firmicutes"
"s__Peptoniphilus_duerdenii",9.66953157750491e-08,0.0034965034965035,"Firmicutes"
"s__Varibaculum_cambriense",1.04251087054142e-06,0.0131118881118881,"Actinobacteria"
"s__Anaerococcus_lactolyticus",1.36296435314619e-07,0.00174825174825175,"Firmicutes"
"s__Anaerococcus_vaginalis",1.29704270532337e-06,0.0157342657342657,"Firmicutes"
"s__Prevotella_bergensis",3.09439526093965e-08,0.00174825174825175,"Bacteroidetes"
"s__Anaerococcus_obesiensis",5.95199559811657e-07,0.00699300699300699,"Firmicutes"
"s__Anaerococcus_prevotii",3.02530289587975e-07,0.0034965034965035,"Firmicutes"
"s__Scardovia_unclassified",1.49852928130488e-06,0.0367132867132867,"Actinobacteria"
"s__Eubacterium_infirmum",1.16865553736298e-06,0.0340909090909091,"Firmicutes"
"s__Alloscardovia_omnicolens",8.3643510300933e-06,0.0375874125874126,"Actinobacteria"
"s__Streptococcus_anginosus",3.80177865424601e-05,0.113636363636364,"Firmicutes"
"s__Comamonas_unclassified",2.22699533867928e-06,0.0524475524475524,"Proteobacteria"
"s__Haemophilus_pittmaniae",1.86637768578037e-05,0.0463286713286713,"Proteobacteria"
"s__Mitsuokella_unclassified",0.000190654765540488,0.454545454545455,"Firmicutes"
"s__Campylobacter_curvus",2.82950383751962e-09,0.000874125874125874,"Proteobacteria"
"s__Facklamia_unclassified",1.09502745790064e-08,0.00262237762237762,"Firmicutes"
"s__Pseudomonas_unclassified",4.67543262618126e-06,0.0410839160839161,"Proteobacteria"
"s__Olsenella_unclassified",1.77951148466322e-05,0.304195804195804,"Actinobacteria"
"s__Polaromonas_unclassified",5.20806316876834e-07,0.00174825174825175,"Proteobacteria"
"s__Butyrivibrio_crossotus",0.0133949678851121,0.182692307692308,"Firmicutes"
"s__Bacteroides_massiliensis",0.016128969153293,0.491258741258741,"Bacteroidetes"
"s__Prevotella_copri",0.045806315253669,0.41958041958042,"Bacteroidetes"
"s__Bacteroides_finegoldii",0.00348469980918324,0.288461538461538,"Bacteroidetes"
"s__Eubacterium_siraeum",0.0116950609312557,0.707167832167832,"Firmicutes"
"s__Bacteroides_eggerthii",0.00962247231421691,0.316433566433566,"Bacteroidetes"
"s__Sutterella_wadsworthensis",0.00497536055511652,0.499125874125874,"Proteobacteria"
"s__Oscillibacter_sp_KLE_1745",0.000507790329692269,0.113636363636364,"Firmicutes"
"s__Ruminococcus_lactaris",0.00513861530972237,0.583916083916084,"Firmicutes"
"s__Bacteroides_salyersiae",0.00156025554008341,0.192307692307692,"Bacteroidetes"
"s__Butyricimonas_synergistica",1.73161323310742e-05,0.147727272727273,"Bacteroidetes"
"s__Bacteroides_nordii",0.00013896782156935,0.218531468531469,"Bacteroidetes"
"s__Parabacteroides_goldsteinii",0.000405242062921109,0.197552447552448,"Bacteroidetes"
"s__Coprobacter_fastidiosus",0.000335791268011355,0.441433566433566,"Bacteroidetes"
"s__Bifidobacterium_adolescentis",0.0411975787972829,0.79458041958042,"Actinobacteria"
"s__Erysipelotrichaceae_bacterium_21_3",0.000102691540654268,0.38548951048951,"Firmicutes"
"s__Lachnospiraceae_bacterium_2_1_58FAA",0.000400990540673635,0.333041958041958,"Firmicutes"
"s__Bacteroides_intestinalis",0.00198834086097744,0.247377622377622,"Bacteroidetes"
"s__Enterococcus_faecalis",0.000187021246324647,0.0384615384615385,"Firmicutes"
"s__Odoribacter_unclassified",4.42863344836734e-05,0.160839160839161,"Bacteroidetes"
"s__Odoribacter_laneus",0.000379516143710429,0.0270979020979021,"Bacteroidetes"
"s__Bacteroides_coprocola",0.00556569806143676,0.181818181818182,"Bacteroidetes"
"s__Acidaminococcus_unclassified",0.000646981316497493,0.0874125874125874,"Firmicutes"
"s__Acidaminococcus_intestini",9.03340580215221e-05,0.0655594405594406,"Firmicutes"
"s__Bilophila_wadsworthia",0.000237740285214876,0.645104895104895,"Proteobacteria"
"s__Lachnospiraceae_bacterium_1_4_56FAA",0.000200418490418236,0.27534965034965,"Firmicutes"
"s__Ruminococcus_callidus",0.0021080632117204,0.507867132867133,"Firmicutes"
"s__Clostridium_hathewayi",0.000372675276655976,0.382867132867133,"Firmicutes"
"s__Subdoligranulum_variabile",4.24304342376584e-05,0.452797202797203,"Firmicutes"
"s__Prevotella_oralis",3.24241991729367e-07,0.0034965034965035,"Bacteroidetes"
"s__Megasphaera_unclassified",0.000336838573281064,0.108391608391608,"Firmicutes"
"s__Deinococcus_unclassified",1.18004570974934e-05,0.229020979020979,"Other"
"s__Cryptobacterium_curtum",8.96207767606819e-08,0.00174825174825175,"Actinobacteria"
"s__Finegoldia_magna",1.74075828753612e-06,0.0218531468531469,"Firmicutes"
"s__Campylobacter_ureolyticus",1.56914012812003e-07,0.00611888111888112,"Proteobacteria"
"s__Eubacterium_cylindroides",0.000477624172991691,0.145979020979021,"Firmicutes"
"s__Clostridium_bolteae",0.00116591477975807,0.447552447552448,"Firmicutes"
"s__Eubacterium_dolichum",4.35593296617606e-05,0.0734265734265734,"Firmicutes"
"s__Flavonifractor_plautii",0.000250818885601591,0.534965034965035,"Firmicutes"
"s__Clostridiales_bacterium_1_7_47FAA",6.20963508517614e-05,0.222027972027972,"Firmicutes"
"s__Clostridium_asparagiforme",0.000135072351451848,0.318181818181818,"Firmicutes"
"s__Clostridium_symbiosum",0.000233838821858639,0.246503496503497,"Firmicutes"
"s__Erysipelotrichaceae_bacterium_2_2_44A",5.04295240592523e-05,0.312062937062937,"Firmicutes"
"s__Clostridium_clostridioforme",0.000268766973105608,0.159090909090909,"Firmicutes"
"s__Clostridium_innocuum",3.26548058923477e-05,0.201923076923077,"Firmicutes"
"s__Bacteroides_oleiciplenus",1.82643570655061e-05,0.0358391608391608,"Bacteroidetes"
"s__Bacteroides_plebeius",0.00769701505406352,0.201923076923077,"Bacteroidetes"
"s__Collinsella_intestinalis",0.000123994323936112,0.0480769230769231,"Actinobacteria"
"s__Peptostreptococcaceae_noname_unclassified",0.000652667933966615,0.579545454545455,"Firmicutes"
"s__Blautia_hydrogenotrophica",0.000136669498012957,0.173951048951049,"Firmicutes"
"s__Lactococcus_lactis",0.000419117486633918,0.316433566433566,"Firmicutes"
"s__Holdemania_unclassified",3.46925179637715e-05,0.386363636363636,"Firmicutes"
"s__Lactobacillus_casei_paracasei",4.1538345195587e-05,0.0655594405594406,"Firmicutes"
"s__Fusobacterium_mortiferum",6.61724901463904e-05,0.00524475524475524,"Other"
"s__Lactobacillus_crispatus",1.1950590040519e-06,0.00874125874125874,"Firmicutes"
"s__Alistipes_sp_HGB5",0.00108556004065509,0.0603146853146853,"Bacteroidetes"
"s__Clostridium_bartlettii",0.00100869939214384,0.616258741258741,"Firmicutes"
"s__Coprobacillus_unclassified",0.00023401913786501,0.227272727272727,"Firmicutes"
"s__Lachnospiraceae_bacterium_3_1_57FAA_CT1",0.000253881133877772,0.322552447552448,"Firmicutes"
"s__Anaerostipes_unclassified",4.86722038672091e-05,0.0367132867132867,"Firmicutes"
"s__Clostridium_ramosum",0.000127574986623686,0.113636363636364,"Firmicutes"
"s__Dysgonomonas_unclassified",7.34873696632563e-08,0.00611888111888112,"Bacteroidetes"
"s__Lachnospiraceae_bacterium_9_1_43BFAA",1.51040361699016e-05,0.0655594405594406,"Firmicutes"
"s__Clostridium_scindens",1.58127562646619e-05,0.199300699300699,"Firmicutes"
"s__Parabacteroides_sp_D13",0.000303592255695891,0.0201048951048951,"Bacteroidetes"
"s__Oscillibacter_sp_KLE_1728",0.000158975858688789,0.0393356643356643,"Firmicutes"
"s__Aerococcus_viridans",9.16043772689569e-09,0.000874125874125874,"Firmicutes"
"s__Prevotella_stercorea",0.00163139658154555,0.0655594405594406,"Bacteroidetes"
"s__Paraprevotella_unclassified",0.00223660950544579,0.403846153846154,"Bacteroidetes"
"s__Clostridium_sp_L2_50",0.00597278565099407,0.175699300699301,"Firmicutes"
"s__Bacteroides_coprophilus",0.0015923118385635,0.0629370629370629,"Bacteroidetes"
"s__Paraprevotella_clara",0.00159259048034445,0.368881118881119,"Bacteroidetes"
"s__Bacteroides_pectinophilus",0.00068722192186165,0.0594405594405594,"Firmicutes"
"s__Bacteroides_sp_2_1_22",0.00176868403136626,0.0777972027972028,"Bacteroidetes"
"s__Paraprevotella_xylaniphila",0.000668804728240064,0.352272727272727,"Bacteroidetes"
"s__Lactobacillus_ruminis",0.00091893058445585,0.0769230769230769,"Firmicutes"
"s__Clostridium_perfringens",3.16432573942753e-05,0.0297202797202797,"Firmicutes"
"s__Ruminococcus_champanellensis",0.000405558510077487,0.0585664335664336,"Firmicutes"
"s__Coprobacillus_sp_29_1",0.000142469346784304,0.0192307692307692,"Firmicutes"
"s__Clostridium_spiroforme",0.000123514234082637,0.0367132867132867,"Firmicutes"
"s__Coprobacillus_sp_D6",4.09576565896295e-05,0.0131118881118881,"Firmicutes"
"s__Bifidobacterium_pseudocatenulatum",0.00248181368483806,0.268356643356643,"Actinobacteria"
"s__Eubacterium_limosum",4.56659489641234e-05,0.0515734265734266,"Firmicutes"
"s__Parabacteroides_unclassified",0.0030901991932039,0.433566433566434,"Bacteroidetes"
"s__Desulfovibrio_piger",0.000309326036744871,0.219405594405594,"Proteobacteria"
"s__Campylobacter_hominis",7.66078351565511e-06,0.034965034965035,"Proteobacteria"
"s__Enterobacter_cloacae",2.74362424719829e-05,0.0480769230769231,"Proteobacteria"
"s__Porphyromonas_bennonis",8.11263094091515e-06,0.0410839160839161,"Bacteroidetes"
"s__Klebsiella_pneumoniae",0.000186198321720432,0.0480769230769231,"Proteobacteria"
"s__Porphyromonas_somerae",6.53321801739501e-06,0.0236013986013986,"Bacteroidetes"
"s__Anaerofustis_stercorihominis",3.37695847117688e-06,0.0227272727272727,"Firmicutes"
"s__Clostridium_methylpentosum",3.10354185210713e-06,0.0323426573426573,"Firmicutes"
"s__Pantoea_unclassified",3.20402602421563e-06,0.027972027972028,"Proteobacteria"
"s__Erysipelotrichaceae_bacterium_3_1_53",2.05912458623899e-05,0.0533216783216783,"Firmicutes"
"s__Actinomyces_turicensis",5.47343025579054e-06,0.0323426573426573,"Actinobacteria"
"s__Megamonas_unclassified",0.0014014717588275,0.0917832167832168,"Firmicutes"
"s__Clostridium_nexile",0.000826603760561099,0.100524475524476,"Firmicutes"
"s__Megamonas_rupellensis",0.000272090161513867,0.0559440559440559,"Firmicutes"
"s__Megamonas_hypermegale",0.000718205249634457,0.0708041958041958,"Firmicutes"
"s__Lachnospiraceae_bacterium_6_1_63FAA",8.89651873813329e-06,0.0375874125874126,"Firmicutes"
"s__Bifidobacterium_bifidum",0.0070845463207422,0.328671328671329,"Actinobacteria"
"s__Alistipes_unclassified",0.000896562918914254,0.0909090909090909,"Bacteroidetes"
"s__Bifidobacterium_breve",5.14506158454825e-05,0.0367132867132867,"Actinobacteria"
"s__Lachnospiraceae_bacterium_5_1_57FAA",7.07290713231537e-05,0.102272727272727,"Firmicutes"
"s__Fusobacterium_ulcerans",1.746528804698e-05,0.00611888111888112,"Other"
"s__Cellulophaga_unclassified",1.07893161962715e-05,0.107517482517483,"Bacteroidetes"
"s__Erysipelotrichaceae_bacterium_5_2_54FAA",4.78991123009013e-05,0.0603146853146853,"Firmicutes"
"s__Lachnospiraceae_bacterium_4_1_37FAA",2.10226353257274e-06,0.0358391608391608,"Firmicutes"
"s__Rothia_unclassified",1.4064339025824e-06,0.0568181818181818,"Actinobacteria"
"s__Lactobacillus_acidophilus",8.79868927358092e-05,0.0393356643356643,"Firmicutes"
"s__Bifidobacterium_dentium",9.09392664382259e-05,0.0865384615384615,"Actinobacteria"
"s__Enterococcus_faecium",0.000175891150946082,0.0568181818181818,"Firmicutes"
"s__Bacteroidetes_bacterium_oral_taxon_272",4.20348519398821e-08,0.00174825174825175,"Bacteroidetes"
"s__Prevotella_amnii",4.96157027211225e-08,0.00174825174825175,"Bacteroidetes"
"s__Clostridium_sp_KLE_1755",9.81687720678122e-05,0.0166083916083916,"Firmicutes"
"s__Thiomonas_unclassified",2.84337189489842e-07,0.00611888111888112,"Proteobacteria"
"s__Caulobacter_unclassified",4.98603542149023e-07,0.0166083916083916,"Proteobacteria"
"s__Pseudomonas_putida",2.16955711098411e-08,0.000874125874125874,"Proteobacteria"
"s__Oscillibacter_valericigenes",2.35091152041754e-08,0.00437062937062937,"Firmicutes"
"s__Megamonas_funiformis",0.000123090344601008,0.041958041958042,"Firmicutes"
"s__Mobiluncus_unclassified",1.14844530287481e-08,0.0034965034965035,"Actinobacteria"
"s__Phascolarctobacterium_succinatutens",0.00588898695540377,0.206293706293706,"Firmicutes"
"s__Synergistes_sp_3_1_syn1",4.15732512112301e-05,0.00699300699300699,"Other"
"s__Bacteroides_fluxus",7.05863783484745e-05,0.0131118881118881,"Bacteroidetes"
"s__Enterobacter_aerogenes",8.9325256316807e-07,0.00786713286713287,"Proteobacteria"
"s__Clostridium_sp_ATCC_BAA_442",9.52355144007636e-05,0.0201048951048951,"Firmicutes"
"s__Holdemania_sp_AP2",1.07181132786214e-05,0.0148601398601399,"Firmicutes"
"s__Sphingomonas_echinoides",4.02664441950017e-08,0.000874125874125874,"Proteobacteria"
"s__Streptococcus_agalactiae",9.6451936928285e-07,0.00699300699300699,"Firmicutes"
"s__Bifidobacterium_angulatum",0.00193229445001044,0.083041958041958,"Actinobacteria"
"s__Mitsuokella_multacida",0.000279622084127396,0.0673076923076923,"Firmicutes"
"s__Collinsella_tanakaei",0.000191897307970406,0.0393356643356643,"Actinobacteria"
"s__Bifidobacterium_catenulatum",0.00295740049148367,0.346153846153846,"Actinobacteria"
"s__Fusobacterium_gonidiaformans",3.13210310273203e-06,0.00874125874125874,"Other"
"s__Burkholderia_unclassified",6.16838412284744e-06,0.0568181818181818,"Proteobacteria"
"s__Yersinia_unclassified",4.76881913007449e-08,0.00437062937062937,"Proteobacteria"
"s__Leuconostoc_unclassified",1.86289301563857e-06,0.0262237762237762,"Firmicutes"
"s__Collinsella_unclassified",1.55680873519347e-05,0.0375874125874126,"Actinobacteria"
"s__Butyrivibrio_unclassified",3.11651328708457e-05,0.236888111888112,"Firmicutes"
"s__Blautia_producta",5.99499117583357e-05,0.0874125874125874,"Firmicutes"
"s__Marvinbryantia_formatexigens",7.50463766057479e-07,0.00699300699300699,"Firmicutes"
"s__Clostridium_hylemonae",3.90699634674628e-06,0.0131118881118881,"Firmicutes"
"s__Collinsella_stercoris",1.69887271160598e-05,0.0122377622377622,"Actinobacteria"
"s__Lactobacillus_fermentum",3.53154807473098e-05,0.0244755244755245,"Firmicutes"
"s__Butyricicoccus_pullicaecorum",1.02471587264112e-05,0.0524475524475524,"Firmicutes"
"s__Leuconostoc_mesenteroides",2.50735434672641e-05,0.0576923076923077,"Firmicutes"
"s__Clostridium_celatum",1.09362153403424e-05,0.0410839160839161,"Firmicutes"
"s__Citrobacter_freundii",4.11076391112665e-05,0.0288461538461538,"Proteobacteria"
"s__Citrobacter_unclassified",8.35994301694132e-06,0.0305944055944056,"Proteobacteria"
"s__Brachyspira_unclassified",5.58002326382434e-06,0.0262237762237762,"Other"
"s__Streptococcus_sp_BS35b",9.31696444285616e-07,0.000874125874125874,"Firmicutes"
"s__Streptococcus_infantarius",7.00244079711231e-07,0.00524475524475524,"Firmicutes"
"s__Anaerostipes_caccae",1.64100647011058e-05,0.0174825174825175,"Firmicutes"
"s__Enterococcus_gallinarum",1.86310687562465e-06,0.00524475524475524,"Firmicutes"
"s__Halomonas_unclassified",1.1649910918047e-06,0.0148601398601399,"Proteobacteria"
"s__Staphylococcus_warneri",1.94025898746518e-09,0.000874125874125874,"Firmicutes"
"s__Coriobacteriaceae_bacterium_phI",0.000174461123442798,0.0611888111888112,"Actinobacteria"
"s__Alistipes_sp_JC136",1.94520040138298e-05,0.00262237762237762,"Bacteroidetes"
"s__Bifidobacterium_animalis",0.000671191918992592,0.105769230769231,"Actinobacteria"
"s__Clostridium_hiranonis",8.3604519278644e-06,0.00262237762237762,"Firmicutes"
"s__Helicobacter_pylori",1.60993855151322e-07,0.00174825174825175,"Proteobacteria"
"s__Anaerococcus_hydrogenalis",1.23772003843534e-08,0.000874125874125874,"Firmicutes"
"s__Eggerthella_sp_1_3_56FAA",8.41684429325807e-05,0.0183566433566434,"Actinobacteria"
"s__Lactobacillus_delbrueckii",0.00020739310506975,0.121503496503496,"Firmicutes"
"s__Pediococcus_acidilactici",4.62136486267434e-07,0.00874125874125874,"Firmicutes"
"s__Pyramidobacter_piscolens",4.25169772771185e-06,0.00874125874125874,"Other"
"s__Megasphaera_elsdenii",0.000152880003940105,0.0437062937062937,"Firmicutes"
"s__Bacteroides_sp_2_2_4",4.24106221786897e-05,0.00262237762237762,"Bacteroidetes"
"s__Pseudomonas_aeruginosa",3.38998771425395e-06,0.00524475524475524,"Proteobacteria"
"s__Bacteroides_sp_1_1_6",0.000301190508092367,0.0157342657342657,"Bacteroidetes"
"s__Clostridium_difficile",3.12133924818959e-06,0.0034965034965035,"Firmicutes"
"s__Lactobacillus_plantarum",1.23980432466438e-05,0.0253496503496503,"Firmicutes"
"s__Enterobacteriaceae_bacterium_9_2_54FAA",7.02541162259745e-06,0.0131118881118881,"Proteobacteria"
"s__Weissella_unclassified",1.34721784737831e-06,0.0157342657342657,"Firmicutes"
"s__Acidaminococcus_sp_D21",4.50945937093668e-05,0.00611888111888112,"Firmicutes"
"s__Enterococcus_dispar",4.13596164082642e-07,0.00262237762237762,"Firmicutes"
"s__Shigella_flexneri",1.03411821365103e-06,0.00699300699300699,"Proteobacteria"
"s__Granulicella_unclassified",7.01924303771029e-06,0.107517482517483,"Other"
"s__Lachnospiraceae_bacterium_2_1_46FAA",4.29806716307081e-06,0.00524475524475524,"Firmicutes"
"s__Veillonella_ratti",1.65558357049902e-05,0.0034965034965035,"Firmicutes"
"s__Lactobacillus_reuteri",5.51276196649282e-05,0.00699300699300699,"Firmicutes"
"s__Lactobacillus_mucosae",7.17421958454426e-05,0.0253496503496503,"Firmicutes"
"s__Lactobacillus_rhamnosus",6.95356740776588e-06,0.0297202797202797,"Firmicutes"
"s__Afipia_unclassified",2.18265483782157e-07,0.00174825174825175,"Proteobacteria"
"s__Blautia_hansenii",7.22416037194945e-07,0.0122377622377622,"Firmicutes"
"s__Clostridium_sp_D5",1.67037009984509e-05,0.00437062937062937,"Firmicutes"
"s__Afipia_broomeae",2.11998832398857e-07,0.000874125874125874,"Proteobacteria"
"s__Parabacteroides_sp_20_3",8.43347200775077e-05,0.00262237762237762,"Bacteroidetes"
"s__Bacteroides_sp_1_1_30",0.000295077364250757,0.0113636363636364,"Bacteroidetes"
"s__Leuconostoc_lactis",6.03050364267371e-06,0.0113636363636364,"Firmicutes"
"s__Dialister_succinatiphilus",0.00158826675758792,0.0620629370629371,"Firmicutes"
"s__Propionibacterium_freudenreichii",2.53871099108757e-05,0.0358391608391608,"Actinobacteria"
"s__Bordetella_unclassified",1.71218521195418e-07,0.00524475524475524,"Proteobacteria"
"s__Borrelia_duttonii",1.91227957749135e-07,0.00262237762237762,"Other"
"s__Desulfovibrio_termitidis",1.60764133457916e-07,0.00524475524475524,"Proteobacteria"
"s__Chlorobium_phaeobacteroides",3.84163530375394e-06,0.0358391608391608,"Other"
"s__Aggregatibacter_unclassified",3.93320441767324e-07,0.0201048951048951,"Proteobacteria"
"s__Pseudomonas_alcaligenes",1.32459770711425e-07,0.00437062937062937,"Proteobacteria"
"s__Weissella_confusa",4.48509669711692e-05,0.0113636363636364,"Firmicutes"
"s__Lactobacillus_salivarius",3.41955017311061e-05,0.0201048951048951,"Firmicutes"
"s__Pediococcus_pentosaceus",9.13358951079961e-06,0.0113636363636364,"Firmicutes"
"s__Lactobacillus_sakei",3.38038859665524e-05,0.0725524475524476,"Firmicutes"
"s__Weissella_cibaria",4.42881749256882e-06,0.0113636363636364,"Firmicutes"
"s__Prevotella_buccae",0.000286243558227101,0.0104895104895105,"Bacteroidetes"
"s__Terriglobus_unclassified",4.60410494041873e-07,0.0113636363636364,"Other"
"s__Prevotella_intermedia",2.11023473261062e-07,0.00174825174825175,"Bacteroidetes"
"s__Brevibacterium_unclassified",1.879641883834e-06,0.0236013986013986,"Actinobacteria"
"s__Rhodospirillum_unclassified",1.6392970975902e-06,0.0236013986013986,"Proteobacteria"
"s__Microbulbifer_unclassified",1.06063209335595e-07,0.00262237762237762,"Proteobacteria"
"s__Bartonella_unclassified",2.98261240575721e-06,0.0367132867132867,"Proteobacteria"
"s__Saccharomonospora_unclassified",1.96516393067202e-07,0.0034965034965035,"Actinobacteria"
"s__Chlamydophila_unclassified",2.6355995516231e-07,0.013986013986014,"Other"
"s__Sphaerochaeta_unclassified",2.20804664846911e-07,0.0104895104895105,"Other"
"s__Acidaminococcus_fermentans",0.000268251817221129,0.0402097902097902,"Firmicutes"
"s__Hafnia_alvei",2.8850388648957e-06,0.00874125874125874,"Proteobacteria"
"s__Scardovia_wiggsiae",1.47559429469184e-06,0.0323426573426573,"Actinobacteria"
"s__Cupriavidus_unclassified",2.87475019105069e-07,0.00961538461538462,"Proteobacteria"
"s__Cellvibrio_unclassified",3.71394893366466e-08,0.00174825174825175,"Proteobacteria"
"s__Lactococcus_raffinolactis",1.91595376623035e-05,0.0437062937062937,"Firmicutes"
"s__Candidatus_Phytoplasma_unclassified",2.02964983518864e-07,0.0034965034965035,"Other"
"s__Rhodopirellula_unclassified",6.81609425099063e-08,0.0034965034965035,"Other"
"s__Hymenobacter_unclassified",4.99317623951616e-08,0.00786713286713287,"Bacteroidetes"
"s__Bacteroides_salanitronis",0.000142869344505895,0.0157342657342657,"Bacteroidetes"
"s__Succinatimonas_hippei",3.09013154698614e-05,0.013986013986014,"Proteobacteria"
"s__Sphingobacterium_unclassified",3.56151952236189e-07,0.013986013986014,"Bacteroidetes"
"s__Spiribacter_unclassified",9.8059872626383e-07,0.0157342657342657,"Proteobacteria"
"s__Gillisia_unclassified",2.32140019057361e-08,0.00174825174825175,"Bacteroidetes"
"s__Providencia_unclassified",8.30056369717147e-07,0.0034965034965035,"Proteobacteria"
"s__Lactobacillus_gastricus",3.69926731040778e-08,0.000874125874125874,"Firmicutes"
"s__Pediococcus_unclassified",9.41573099848022e-07,0.00699300699300699,"Firmicutes"
"s__Pusillimonas_unclassified",2.23198658729968e-07,0.00524475524475524,"Proteobacteria"
"s__Marinobacter_unclassified",2.86985681872486e-08,0.000874125874125874,"Proteobacteria"
"s__Candidatus_Zinderia_insecticola",4.85921531260041e-08,0.00262237762237762,"Proteobacteria"
"s__Kingella_unclassified",4.12456786443597e-08,0.0034965034965035,"Proteobacteria"
"s__Acinetobacter_lwoffii",1.05491621306074e-05,0.00174825174825175,"Proteobacteria"
"s__Rhodopseudomonas_unclassified",8.76418197079377e-08,0.00174825174825175,"Proteobacteria"
"s__Spiroplasma_unclassified",8.69084495333234e-08,0.00437062937062937,"Other"
"s__Proteus_penneri",2.98201613770816e-07,0.00174825174825175,"Proteobacteria"
"s__Wolbachia_pipientis",1.4280051681434e-07,0.000874125874125874,"Proteobacteria"
"s__Proteus_unclassified",8.39792118198108e-08,0.00174825174825175,"Proteobacteria"
"s__Thermodesulfobacterium_unclassified",1.02700244621241e-08,0.000874125874125874,"Other"
"s__Tropheryma_whipplei",3.58794524887719e-07,0.00611888111888112,"Actinobacteria"
"s__Enterobacter_cancerogenus",3.64600543581586e-07,0.000874125874125874,"Proteobacteria"
"s__Klebsiella_oxytoca",0.000148087734781159,0.0166083916083916,"Proteobacteria"
"s__Enterobacter_hormaechei",6.87332480572219e-08,0.000874125874125874,"Proteobacteria"
"s__Raoultella_ornithinolytica",2.07838193524055e-07,0.00437062937062937,"Proteobacteria"
"s__Buchnera_aphidicola",1.27913803078321e-07,0.0034965034965035,"Proteobacteria"
"s__Alicyclobacillus_unclassified",8.27373486691138e-08,0.00262237762237762,"Firmicutes"
"s__Alicycliphilus_unclassified",3.04597519972035e-08,0.000874125874125874,"Proteobacteria"
"s__Bacteroides_barnesiae",0.000558891883025195,0.0104895104895105,"Bacteroidetes"
"s__Prevotella_multisaccharivorax",3.73372628139759e-07,0.0034965034965035,"Bacteroidetes"
"s__Lactobacillus_fructivorans",2.13597090949605e-07,0.00174825174825175,"Firmicutes"
"s__Riemerella_unclassified",1.99331683172808e-07,0.00524475524475524,"Bacteroidetes"
"s__Lactobacillus_curvatus",6.68692027858991e-06,0.0244755244755245,"Firmicutes"
"s__Chromobacterium_unclassified",7.70173244526656e-07,0.00961538461538462,"Proteobacteria"
"s__Brevibacterium_linens",6.26453750880242e-07,0.00174825174825175,"Actinobacteria"
"s__Clostridiales_bacterium_BV3C26",1.13021950557993e-07,0.00174825174825175,"Firmicutes"
"s__Bacteriovorax_unclassified",3.24000879662417e-08,0.00174825174825175,"Proteobacteria"
"s__Gracilibacillus_unclassified",6.98781512452678e-08,0.00174825174825175,"Firmicutes"
"s__Candidatus_Liberibacter_unclassified",1.04100867472253e-08,0.000874125874125874,"Proteobacteria"
"s__Hippea_unclassified",4.04567210959269e-09,0.000874125874125874,"Proteobacteria"
"s__Shigella_sonnei",1.71701820138604e-06,0.0113636363636364,"Proteobacteria"
"s__Haemophilus_influenzae",1.28082015599115e-07,0.0034965034965035,"Proteobacteria"
"s__Veillonella_sp_3_1_44",5.11576418760361e-06,0.00262237762237762,"Firmicutes"
"s__Pasteurella_unclassified",2.21789877729365e-08,0.000874125874125874,"Proteobacteria"
"s__Bacteroides_sp_1_1_14",3.26244663327504e-05,0.00174825174825175,"Bacteroidetes"
"s__Acetobacter_unclassified",4.29038564713022e-08,0.000874125874125874,"Proteobacteria"
"s__Bacteroides_sp_3_2_5",0.000200993294767417,0.00961538461538462,"Bacteroidetes"
"s__Salinicoccus_unclassified",1.03801372520583e-08,0.000874125874125874,"Firmicutes"
"s__Borrelia_recurrentis",1.62952052800076e-07,0.00437062937062937,"Other"
"s__Lactobacillus_sanfranciscensis",8.90193429517685e-07,0.00699300699300699,"Firmicutes"
"s__Selenomonas_bovis",1.57157674253459e-05,0.00611888111888112,"Firmicutes"
"s__Corynebacterium_casei",8.88977065394816e-07,0.00437062937062937,"Actinobacteria"
"s__Bulleidia_extructa",1.87066273027082e-07,0.0104895104895105,"Firmicutes"
"s__Citrobacter_koseri",2.40974130938766e-05,0.00524475524475524,"Proteobacteria"
"s__Prevotella_histicola",1.60111851310119e-07,0.00262237762237762,"Bacteroidetes"
"s__Clostridium_sp_M62_1",8.26385519707244e-06,0.000874125874125874,"Firmicutes"
"s__Streptococcus_sobrinus",3.64628411262687e-06,0.0122377622377622,"Firmicutes"
"s__Lactobacillus_gasseri",1.12432729062604e-05,0.0340909090909091,"Firmicutes"
"s__Clostridium_saccharolyticum",1.05136493761561e-05,0.000874125874125874,"Firmicutes"
"s__Veillonella_sp_6_1_27",5.56058837986102e-06,0.000874125874125874,"Firmicutes"
"s__Haemophilus_parahaemolyticus",7.20595637767415e-06,0.00961538461538462,"Proteobacteria"
"s__Aggregatibacter_aphrophilus",6.27745064222023e-08,0.00437062937062937,"Proteobacteria"
"s__Leuconostoc_pseudomesenteroides",3.91010429838429e-06,0.020979020979021,"Firmicutes"
"s__Leuconostoc_citreum",5.14449558527371e-06,0.0113636363636364,"Firmicutes"
"s__Mucispirillum_schaedleri",1.30315254929992e-07,0.000874125874125874,"Other"
"s__Streptococcus_gallolyticus",2.11272949248202e-07,0.00174825174825175,"Firmicutes"
"s__Bacteroides_sp_3_1_19",0.000201294527834134,0.00961538461538462,"Bacteroidetes"
"s__Clostridium_butyricum",6.28908688056418e-07,0.00437062937062937,"Firmicutes"
"s__Leuconostoc_kimchii",4.72716293761588e-08,0.000874125874125874,"Firmicutes"
"s__Lactococcus_garvieae",8.50415004390613e-07,0.00611888111888112,"Firmicutes"
"s__Enterococcus_hirae",4.58619072105188e-07,0.0034965034965035,"Firmicutes"
"s__Streptococcus_peroris",9.19000051756103e-08,0.00262237762237762,"Firmicutes"
"s__Lactobacillus_versmoldensis",3.75110564533085e-07,0.0034965034965035,"Firmicutes"
"s__Actinomyces_viscosus",2.30097053872371e-06,0.0533216783216783,"Actinobacteria"
"s__Actinomyces_oris",2.27918091540121e-06,0.0305944055944056,"Actinobacteria"
"s__Clostridium_glycolicum",1.56542420644872e-07,0.00524475524475524,"Firmicutes"
"s__Parascardovia_denticolens",5.97456826454831e-07,0.00874125874125874,"Actinobacteria"
"s__Eubacterium_saphenum",2.35511654659712e-07,0.00699300699300699,"Firmicutes"
"s__Atopobium_rimae",5.55600572055732e-07,0.0131118881118881,"Actinobacteria"
"s__Streptococcus_oligofermentans",4.57888221656848e-08,0.00524475524475524,"Firmicutes"
"s__Fusobacterium_necrophorum",9.83067186729795e-08,0.00174825174825175,"Other"
"s__Ruminococcus_sp_JC304",0.000135842142047376,0.0262237762237762,"Firmicutes"
"s__Massilia_unclassified",7.09554503856798e-08,0.00174825174825175,"Proteobacteria"
"s__Ruminococcus_sp",2.43129589020283e-05,0.00262237762237762,"Firmicutes"
"s__Lactobacillus_amylovorus",6.89209490421357e-05,0.00437062937062937,"Firmicutes"
"s__Acinetobacter_johnsonii",1.20768874186963e-07,0.00262237762237762,"Proteobacteria"
"s__Leuconostoc_carnosum",3.1703678463987e-06,0.013986013986014,"Firmicutes"
"s__Leuconostoc_gelidum",9.54296571546533e-07,0.0113636363636364,"Firmicutes"
"s__Staphylococcus_aureus",3.59500414968252e-06,0.0314685314685315,"Firmicutes"
"s__Olsenella_uli",2.07272712117819e-07,0.00786713286713287,"Actinobacteria"
"s__Lactobacillus_johnsonii",4.47420635205742e-05,0.00174825174825175,"Firmicutes"
"s__Lactobacillus_vaginalis",8.3202506530399e-06,0.00611888111888112,"Firmicutes"
"s__Arcanobacterium_haemolyticum",4.49058696916603e-08,0.000874125874125874,"Actinobacteria"
"s__Pseudomonas_fragi",2.63240649243064e-06,0.00699300699300699,"Proteobacteria"
"s__Enterobacter_asburiae",8.13388751150508e-08,0.000874125874125874,"Proteobacteria"
"s__Stomatobaculum_longum",1.12163856874968e-08,0.0034965034965035,"Firmicutes"
"s__Lactobacillus_animalis",2.22646876235028e-08,0.000874125874125874,"Firmicutes"
"s__Prevotella_pleuritidis",8.47751408089896e-09,0.000874125874125874,"Bacteroidetes"
"s__Actinomyces_naeslundii",7.49723173899147e-07,0.0201048951048951,"Actinobacteria"
"s__Anaeroglobus_geminatus",2.60108278852522e-09,0.000874125874125874,"Firmicutes"
"s__Collinsella_sp_GD3",6.38980807775198e-07,0.000874125874125874,"Actinobacteria"
"s__Olsenella_profusa",3.7635428576008e-08,0.000874125874125874,"Actinobacteria"
"s__Corynebacterium_durum",1.11649672646702e-06,0.0192307692307692,"Actinobacteria"
"s__Azospirillum_unclassified",1.60337519874247e-08,0.000874125874125874,"Proteobacteria"
"s__Brachybacterium_unclassified",8.72915832925254e-09,0.00174825174825175,"Actinobacteria"
"s__Staphylococcus_saprophyticus",1.28587138234227e-07,0.00174825174825175,"Firmicutes"
"s__Thermus_unclassified",9.8370944728441e-10,0.000874125874125874,"Other"
"s__Prevotella_oris",3.94176408410641e-07,0.00174825174825175,"Bacteroidetes"
"s__Bacteroides_sp_D20",1.31378009710633e-05,0.000874125874125874,"Bacteroidetes"
"s__Clostridium_sp_SS2_1",2.54255832162999e-05,0.00262237762237762,"Firmicutes"
"s__Sutterella_parvirubra",2.29155709176545e-05,0.00174825174825175,"Proteobacteria"
"s__Clostridium_sp_HGF2",4.60201490260081e-06,0.00174825174825175,"Firmicutes"
"s__Blautia_sp_KLE_1732",9.62469642571297e-06,0.00174825174825175,"Firmicutes"
"s__Catonella_morbi",2.08241610919276e-08,0.000874125874125874,"Firmicutes"
"s__Leifsonia_unclassified",1.87260352615587e-08,0.000874125874125874,"Actinobacteria"
"s__Thioalkalivibrio_unclassified",1.85364045247327e-08,0.000874125874125874,"Proteobacteria"
"s__Labrenzia_unclassified",1.64267625775445e-08,0.000874125874125874,"Proteobacteria"
"s__Treponema_succinifaciens",0.000121658713590087,0.000874125874125874,"Other"
"s__Streptococcus_lutetiensis",2.44025945950121e-05,0.0104895104895105,"Firmicutes"
"s__Brachyspira_pilosicoli",1.03543784571646e-05,0.00262237762237762,"Other"
"s__Helicobacter_cinaedi",3.24148507928846e-08,0.000874125874125874,"Proteobacteria"
"s__Bifidobacterium_pseudolongum",2.18154497997522e-05,0.00699300699300699,"Actinobacteria"
"s__Propionibacterium_propionicum",2.76926581937362e-07,0.00611888111888112,"Actinobacteria"
"s__Campylobacter_showae",6.61851193539408e-08,0.000874125874125874,"Proteobacteria"
"s__Enterococcus_casseliflavus",7.42473177567376e-07,0.00437062937062937,"Firmicutes"
"s__Bacteroides_sp_3_1_40A",1.23647362759672e-05,0.000874125874125874,"Bacteroidetes"
"s__Enterorhabdus_caecimuris",1.56301590290311e-06,0.0122377622377622,"Actinobacteria"
"s__Anaerostipes_sp_3_2_56FAA",8.31729170359465e-06,0.00174825174825175,"Firmicutes"
"s__Corynebacterium_propinquum",8.7160783214174e-08,0.000874125874125874,"Actinobacteria"
"s__Escherichia_albertii",3.57528171012329e-07,0.000874125874125874,"Proteobacteria"
"s__Porphyromonas_gingivalis",5.69297216099639e-08,0.000874125874125874,"Bacteroidetes"
"s__Neisseria_flavescens",2.50129641181658e-07,0.00262237762237762,"Proteobacteria"
"s__Neisseria_meningitidis",6.61416841165473e-09,0.000874125874125874,"Proteobacteria"
"s__Campylobacter_jejuni",3.64020917021407e-05,0.00437062937062937,"Proteobacteria"
"s__Actinomyces_johnsonii",1.96261610681584e-07,0.00786713286713287,"Actinobacteria"
"s__Microcoleus_unclassified",9.2942043593103e-09,0.000874125874125874,"Other"
"s__Providencia_alcalifaciens",2.34074616425263e-07,0.000874125874125874,"Proteobacteria"
"s__Peptostreptococcus_anaerobius",1.10301938562723e-06,0.00961538461538462,"Firmicutes"
"s__Slackia_unclassified",7.70636863801276e-08,0.00786713286713287,"Actinobacteria"
"s__Lactobacillus_oris",3.69737037907498e-08,0.00262237762237762,"Firmicutes"
"s__Enterococcus_malodoratus",1.68839538680085e-06,0.00524475524475524,"Firmicutes"
"s__Enterococcus_gilvus",7.26826329487196e-07,0.00262237762237762,"Firmicutes"
"s__Carnobacterium_maltaromaticum",1.39824660360705e-07,0.00174825174825175,"Firmicutes"
"s__Enterococcus_durans",3.41539014792938e-05,0.020979020979021,"Firmicutes"
"s__Scardovia_inopinata",1.23475505206571e-07,0.00174825174825175,"Actinobacteria"
"s__Staphylococcus_equorum",8.06074904854678e-07,0.00437062937062937,"Firmicutes"
"s__Pediococcus_lolii",7.82959616843971e-07,0.00262237762237762,"Firmicutes"
"s__Abiotrophia_defectiva",1.51221156225389e-06,0.00874125874125874,"Firmicutes"
"s__Helicobacter_pullorum",6.91985312921971e-06,0.00262237762237762,"Proteobacteria"
"s__Lachnospiraceae_bacterium_oral_taxon_082",4.88737965355412e-09,0.000874125874125874,"Firmicutes"
"s__Enterococcus_avium",1.5719823954391e-06,0.00611888111888112,"Firmicutes"
"s__Atopobium_minutum",1.12231760922909e-07,0.0034965034965035,"Actinobacteria"
"s__Prevotella_ruminicola",2.89686884078026e-09,0.000874125874125874,"Bacteroidetes"
"s__Streptococcus_pasteurianus",3.46182824375239e-05,0.00437062937062937,"Firmicutes"
"s__Megasphaera_sp_BV3C16_1",9.49007372051823e-06,0.000874125874125874,"Firmicutes"
"s__Actinomyces_sp_HPA0247",7.1015881262238e-07,0.000874125874125874,"Actinobacteria"
"s__Streptococcus_massiliensis",1.63010753973228e-07,0.00174825174825175,"Firmicutes"
"s__Lactobacillus_antri",4.06416569419367e-08,0.000874125874125874,"Firmicutes"
"s__Serratia_marcescens",1.4640621821402e-08,0.000874125874125874,"Proteobacteria"
"s__Prevotella_salivae",1.68443140332739e-09,0.000874125874125874,"Bacteroidetes"
"s__Shuttleworthia_satelles",6.96902441186484e-09,0.000874125874125874,"Firmicutes"
"s__Corynebacterium_variabile",1.41614129078962e-06,0.0034965034965035,"Actinobacteria"
"s__Corynebacterium_amycolatum",1.00423539750774e-06,0.00524475524475524,"Actinobacteria"
"s__Bavariicoccus_seileri",1.04647145245807e-07,0.000874125874125874,"Firmicutes"
"s__Leucobacter_unclassified",1.19694019214951e-08,0.000874125874125874,"Actinobacteria"
"s__Enterococcus_italicus",1.97743948593628e-09,0.000874125874125874,"Firmicutes"
"s__Actinobaculum_unclassified",8.99612758072655e-08,0.00174825174825175,"Actinobacteria"
"s__Brevibacterium_massiliense",4.95828476570262e-09,0.000874125874125874,"Actinobacteria"
"s__Bacillus_subtilis",1.53518137857893e-07,0.000874125874125874,"Firmicutes"
"s__Streptococcus_dysgalactiae",1.68748473910351e-07,0.0034965034965035,"Firmicutes"
"s__Actinomyces_sp_ICM47",5.91476588555884e-07,0.000874125874125874,"Actinobacteria"
"s__Arcobacter_butzleri",4.63395354142868e-08,0.000874125874125874,"Proteobacteria"
"s__Eggerthella_sp_HGA1",5.39756844081082e-06,0.00174825174825175,"Actinobacteria"
"s__Enterococcus_sp_7L76",2.138824276406e-06,0.000874125874125874,"Firmicutes"
"s__Streptococcus_parauberis",2.82115214251258e-08,0.000874125874125874,"Firmicutes"
"s__Streptococcus_macedonicus",4.71146598771557e-07,0.00524475524475524,"Firmicutes"
"s__Streptococcus_pseudopneumoniae",1.34771578828738e-08,0.000874125874125874,"Firmicutes"
"s__Acinetobacter_unclassified",1.50957138636725e-08,0.000874125874125874,"Proteobacteria"
"s__Leuconostoc_gasicomitatum",5.68599914756888e-08,0.00262237762237762,"Firmicutes"
"s__Streptococcus_sp_GMD5S",1.2902374362522e-06,0.000874125874125874,"Firmicutes"
"s__Lactobacillus_farciminis",1.4505895257289e-08,0.000874125874125874,"Firmicutes"
"s__Actinobaculum_massiliense",1.25610292181136e-07,0.000874125874125874,"Actinobacteria"
"s__Variovorax_unclassified",1.19064047431592e-08,0.000874125874125874,"Proteobacteria"
"s__Lactobacillus_brevis",8.0773185449054e-08,0.00174825174825175,"Firmicutes"
"s__Fusobacterium_varium",2.23159915833796e-07,0.000874125874125874,"Other"
"s__Plesiomonas_shigelloides",2.90615208483736e-09,0.000874125874125874,"Proteobacteria"
"s__Clostridium_sordellii",1.05846202299857e-06,0.00262237762237762,"Firmicutes"
"s__Enterococcus_raffinosus",1.13507287315323e-06,0.000874125874125874,"Firmicutes"
"s__Dysgonomonas_mossii",1.08584862329381e-07,0.000874125874125874,"Bacteroidetes"
"s__Bilophila_sp_4_1_30",2.65607393066882e-06,0.00262237762237762,"Proteobacteria"
"s__Morganella_morganii",9.99185691392179e-08,0.00174825174825175,"Proteobacteria"
"s__Alloprevotella_tannerae",1.11357039729309e-07,0.00174825174825175,"Bacteroidetes"
"s__Porphyromonas_endodontalis",2.48753985771567e-07,0.00174825174825175,"Bacteroidetes"
"s__Lactobacillus_helveticus",5.19358021790454e-08,0.000874125874125874,"Firmicutes"
"s__Tannerella_forsythia",5.62642691496734e-08,0.000874125874125874,"Bacteroidetes"
"s__Prevotella_nigrescens",4.50409624179967e-08,0.00174825174825175,"Bacteroidetes"
"s__Asticcacaulis_unclassified",9.33119120318076e-09,0.000874125874125874,"Proteobacteria"
"s__Eikenella_corrodens",6.99842948368006e-09,0.000874125874125874,"Proteobacteria"
"s__Limnohabitans_unclassified",6.47473806562633e-08,0.00174825174825175,"Proteobacteria"
"s__Janthinobacterium_unclassified",2.00225698615079e-09,0.000874125874125874,"Proteobacteria"
"s__Lactobacillus_sp_7_1_47FAA",4.11853131589157e-08,0.000874125874125874,"Firmicutes"
"s__Alcaligenes_unclassified",6.711635831493e-09,0.000874125874125874,"Proteobacteria"
"s__Jonquetella_unclassified",1.44171927777107e-08,0.000874125874125874,"Other"
"s__Corynebacterium_jeikeium",5.18885595269182e-09,0.000874125874125874,"Actinobacteria"
"s__Helicobacter_canis",9.07840601654359e-07,0.000874125874125874,"Proteobacteria"
"s__Helicobacter_bilis",2.25685310419777e-07,0.000874125874125874,"Proteobacteria"
"s__Corynebacterium_tuberculostearicum",4.777958126367e-08,0.00174825174825175,"Actinobacteria"
"s__Pseudoramibacter_alactolyticus",3.21112253587904e-07,0.000874125874125874,"Firmicutes"
"s__Allobaculum_stercoricanis",2.5238985882038e-07,0.000874125874125874,"Firmicutes"
"s__Escherichia_sp_TW09276",1.14704786906225e-05,0.000874125874125874,"Proteobacteria"
"s__Dysgonomonas_gadei",6.64337555235743e-07,0.000874125874125874,"Bacteroidetes"
"s__Brucella_ovis",4.76546050377169e-08,0.000874125874125874,"Proteobacteria"
"s__Corynebacterium_aurimucosum",5.77775921617429e-08,0.000874125874125874,"Actinobacteria"
"s__Staphylococcus_caprae_capitis",2.62380200884523e-08,0.000874125874125874,"Firmicutes"
"s__Lactobacillus_otakiensis",2.64625280715682e-07,0.000874125874125874,"Firmicutes"
"s__Acidaminococcus_sp_HPA0509",7.73032948769344e-06,0.000874125874125874,"Firmicutes"
